2	Antonette	True	veritatis pariatur delectus
2	Antonette	False	nesciunt totam sit blanditiis sit
2	Antonette	False	laborum aut in quam
2	Antonette	True	nemo perspiciatis repellat ut dolor libero commodi blanditiis omnis
2	Antonette	False	repudiandae totam in est sint facere fuga
2	Antonette	False	earum doloribus ea doloremque quis
2	Antonette	False	sint sit aut vero
2	Antonette	False	porro aut necessitatibus eaque distinctio
2	Antonette	True	repellendus veritatis molestias dicta incidunt
2	Antonette	True	excepturi deleniti adipisci voluptatem et neque optio illum ad
2	Antonette	False	sunt cum tempora
2	Antonette	False	totam quia non
2	Antonette	False	doloremque quibusdam asperiores libero corrupti illum qui omnis
2	Antonette	True	totam atque quo nesciunt